{
    "name": "M5Unit-Fingerprint2",
    "description": "M5Stack Library of Unit Fingerprint2",
    "keywords": "M5Stack,Unit,Fingerprint2",
    "authors": {
        "name": "M5Stack",
        "url": "http://www.m5stack.com"
    },
    "repository": {
        "type": "git",
        "url": "https://github.com/m5stack/M5Unit-Fingerprint2"
    },
    "version": "1.3.0",
    "frameworks": [
        "arduino"
    ],
    "platforms": [
        "espressif32",
        "native"
    ],
    "headers": "M5UnitFingerprint2.hpp",
    "dependencies": {
  }  
}